Date,0
2019-01-03,-0.03063938195296574
2019-01-04,0.025621619834390617
2019-01-07,0.0018526418829140823
2019-01-08,0.004240194630737772
2019-01-09,0.004464024784716044
2019-01-10,-0.0017166782238635919
2019-01-11,-0.003910216300987207
2019-01-14,-0.004317281157074462
2019-01-15,0.012602947058604817
2019-01-16,0.005062113811735314
2019-01-17,0.004268805628319131
2019-01-18,0.008974341894051663
2019-01-22,-0.013215899327783744
2019-01-23,0.0023706908102407082
2019-01-24,-0.0009601091258542415
2019-01-25,0.011341098597070262
2019-01-28,-0.007270520445144089
2019-01-29,-0.0028196994123059825
2019-01-30,0.020859979135654266
2019-01-31,0.0025951836065020283
2019-02-01,-0.0010299864636226501
2019-02-04,0.009389489936302118
2019-02-05,0.005438995260469244
2019-02-06,-0.006641527364079433
2019-02-07,-0.009538231797222525
2019-02-08,-0.0003743978935326941
2019-02-11,-0.001560922431839567
2019-02-12,0.0114087791036342
2019-02-13,-0.0006786644220594202
2019-02-14,-0.0009101840132178738
2019-02-15,0.007785242567564808
2019-02-19,0.003308114430630073
2019-02-20,5.784780260843249e-05
2019-02-21,-0.0036922606568577897
2019-02-22,0.0038542504254266297
2019-02-25,0.0029098461878205506
2019-02-26,0.000979212448698114
2019-02-27,-0.002007204862052488
2019-02-28,-0.003915666276246402
2019-03-01,0.0029648377839914426
2019-03-04,-5.1901805478512695e-05
2019-03-05,0.0007932597626843018
2019-03-06,-0.0025014558186903686
2019-03-07,-0.006615284421970369
2019-03-08,0.001644564122735602
2019-03-11,0.014545015303736076
2019-03-12,0.0061411640222229415
2019-03-13,0.004543851348608765
2019-03-14,-0.0009252935584157212
2019-03-15,0.006821837577066064
2019-03-18,0.00550510298995689
2019-03-19,-0.0007412241066402417
2019-03-20,0.0013002237621587973
2019-03-21,0.008241848025920668
2019-03-22,-0.015311835945176103
2019-03-25,-0.0026162274404042526
2019-03-26,0.00037593058902730134
2019-03-27,-0.0028176307713509395
2019-03-28,0.0011697405274788146
2019-03-29,0.003945609665654875
2019-04-01,0.010175607891715758
2019-04-02,0.003329791361777658
2019-04-03,0.0012588508695107828
2019-04-04,0.002936981714596688
2019-04-05,0.0016514519462281494
2019-04-08,0.0022131458980983415
2019-04-09,-0.0023589098219108165
2019-04-10,0.0034677391211613323
2019-04-11,-0.0005959244827688559
2019-04-12,0.009826706656370195
2019-04-15,-0.0012088175547990388
2019-04-16,0.0009751239967476744
2019-04-17,0.0064825601367490705
2019-04-18,0.002058118625361376
2019-04-22,0.0013983761840846958
2019-04-23,0.0076793287839572125
2019-04-24,-0.0013865159853153864
2019-04-25,0.004380993361775322
2019-04-26,0.0052127926977201516
2019-04-29,0.0038950735659451325
2019-04-30,-0.010297213690128298
2019-05-01,-0.0015618466491288561
2019-05-02,-0.004711789390859732
2019-05-03,0.011237701905728602
2019-05-06,-0.006535008798876864
2019-05-07,-0.012549777497567841
2019-05-08,-0.002617776244434527
2019-05-09,-0.0017653804433487039
2019-05-10,0.000791365783954702
2019-05-13,-0.021428048014347084
2019-05-14,0.002782226653044302
2019-05-15,0.008750878473838035
2019-05-16,0.006195531223720199
2019-05-17,-0.0060808823373855615
2019-05-20,-0.009174053443815349
2019-05-21,0.0055548441610706635
2019-05-22,-0.0029613492944284246
2019-05-23,-0.007224917168504072
2019-05-24,0.0008337247264545171
2019-05-28,-0.003852190818622699
2019-05-29,-0.005491981705689509
2019-05-30,0.0032735846687519518
2019-05-31,-0.0072319329355362075
2019-06-03,-0.009497376807063153
2019-06-04,0.016765322613890177
2019-06-05,0.005697657865530989
2019-06-06,0.006949458576497768
2019-06-07,0.011451256892882629
2019-06-10,0.004697043231062459
2019-06-11,0.0007291673781438474
2019-06-12,-0.003534404250221608
2019-06-13,0.004404748118169271
2019-06-14,-0.0007700206581020366
2019-06-17,0.000465330696285847
2019-06-18,0.012147132149955258
2019-06-19,0.0007983770438706235
2019-06-20,0.008857626523621655
2019-06-21,-0.0017436766518620674
2019-06-24,0.0017557599958013279
2019-06-25,-0.010129878398444462
2019-06-26,0.0013232931415175459
2019-06-27,0.0034388610099763146
2019-06-28,0.004318290880090913
2019-07-01,0.0071604753784530115
2019-07-02,0.006992572088390393
2019-07-03,0.005247087087396434
2019-07-05,-0.001821988486195205
2019-07-08,-0.006539952226055921
2019-07-09,0.001994871280750567
2019-07-10,0.0054104768825295885
2019-07-11,-0.001830959135526924
2019-07-12,0.004878961371025234
2019-07-15,0.0006368582360896344
2019-07-16,-0.0026559686666397615
2019-07-17,-0.0041084671958901186
2019-07-18,0.004885006240619465
2019-07-19,-0.008714906468052203
2019-07-22,0.00595166367050655
2019-07-23,0.005462132821922096
2019-07-24,0.0034426593381613854
2019-07-25,-0.005211065029452452
2019-07-26,0.01601897998350369
2019-07-29,1.835162019530722e-05
2019-07-30,-0.0028899306509451933
2019-07-31,-0.005185573992357631
2019-08-01,-0.0030574861412182566
2019-08-02,-0.0050228555232058585
2019-08-05,-0.02229785318761985
2019-08-06,0.012917726788073278
2019-08-07,0.0001377965669094889
2019-08-08,0.016069207565680338
2019-08-09,-0.006481268330702142
2019-08-12,-0.004889609801775782
2019-08-13,0.013763816542250137
2019-08-14,-0.018335916137117044
2019-08-15,0.004241817003365114
2019-08-16,0.010105316285394687
2019-08-19,0.006723213873535532
2019-08-20,-0.004859711831425579
2019-08-21,0.004395836699512042
2019-08-22,0.0001740574136383698
2019-08-23,-0.018359085115009464
2019-08-26,0.009957637156963808
2019-08-27,-0.0010681400321684957
2019-08-28,0.004231159036243922
2019-08-29,0.011317843082912598
2019-08-30,-0.0002694906708820055
2019-09-03,-0.007601939247973727
2019-09-04,0.009582568751301725
2019-09-05,0.008071965365019805
2019-09-06,-0.0009902377809319443
2019-09-09,0.0005579733823480274
2019-09-10,-0.0005168970192795581
2019-09-11,0.008734316929254212
2019-09-12,0.003429244348545424
2019-09-13,-0.0021942146362805863
2019-09-16,-0.0019150184700977824
2019-09-17,0.0017565958250200062
2019-09-18,0.003981597363612586
2019-09-19,0.001352951688672044
2019-09-20,-0.0028410484977633944
2019-09-23,0.001314623592476974
2019-09-24,-0.005264051428479336
2019-09-25,0.004797433398964304
2019-09-26,-0.0021069309831688943
2019-09-27,-0.0038435039181257775
2019-09-30,0.0028304337694315587
2019-10-01,-0.00650990653170245
2019-10-02,-0.013532514771408873
2019-10-03,0.007470634703041591
2019-10-04,0.014529155443623638
2019-10-07,-0.004590785278353961
2019-10-08,-0.009955242735005278
2019-10-09,0.008156750210078095
2019-10-10,0.0028965842368104964
2019-10-11,0.006312403647701634
2019-10-14,0.0014105660229215278
2019-10-15,0.007420957676021607
2019-10-16,-0.001138200324237935
2019-10-17,0.001362318377908197
2019-10-18,-0.002678082563455488
2019-10-21,0.0070500640224385345
2019-10-22,-0.001051262059927534
2019-10-23,0.005419294118576956
2019-10-24,0.0031215515214561076
2019-10-25,0.004845714284683431
2019-10-28,0.0062785000750378295
2019-10-29,-0.0071797627965660285
2019-10-30,0.0038667301064605
2019-10-31,0.002913652813939691
2019-11-01,0.010758585820179844
2019-11-04,0.0039499902327410005
2019-11-05,-0.0017481944298177354
2019-11-06,0.0018087976796828356
2019-11-07,0.00042950188675573123
2019-11-08,0.00054541839768525
2019-11-11,-0.0010715489175656678
2019-11-12,0.0010632877510002028
2019-11-13,0.0013493579908286815
2019-11-14,0.002885605620420533
2019-11-15,0.0069519320804469495
2019-11-18,0.0011603430013774941
2019-11-19,-0.00018310930199924732
2019-11-20,-0.0036230009836638565
2019-11-21,-0.0027170624864922555
2019-11-22,0.001151076628257917
2019-11-25,0.0067139454452036715
2019-11-26,0.0020736379633412402
2019-11-27,0.002631177823439518
2019-11-29,-0.002173507976312743
2019-12-02,-0.0075085119928819215
2019-12-03,-0.001836517489364107
2019-12-04,0.005833203255676214
2019-12-05,0.003695129231336596
2019-12-06,0.007808904866372989
2019-12-09,-0.0031848547908406174
2019-12-10,0.0007683218234143423
2019-12-11,0.004289722684646667
2019-12-12,0.005925540309141984
2019-12-13,0.0032509912908578295
2019-12-16,0.005224494194217784
2019-12-17,-0.0002661715476599624
2019-12-18,-0.0031018520192804223
2019-12-19,0.002142625250952861
2019-12-20,0.0019621260042382645
2019-12-23,0.0018654262383704934
2019-12-24,0.001394163595880064
2019-12-26,0.008947091762986902
2019-12-27,-0.0005592929135304405
2019-12-30,-0.0032807243103316723
2019-12-31,0.0013782477751729492
2020-01-02,0.013844791427336193
2020-01-03,-0.003711160719798634
2020-01-06,0.006018800329232809
2020-01-07,-0.005186907654272497
2020-01-08,0.004760891956974153
2020-01-09,0.007977196340483307
2020-01-10,-0.000362443376878667
2020-01-13,0.006686252626593095
2020-01-14,-0.0023189116827947946
2020-01-15,0.001615960614192538
2020-01-16,0.006455559165669809
2020-01-17,0.005242788930101952
2020-01-21,-0.0019631230414220453
2020-01-22,0.0008262815351110582
2020-01-23,0.002517679887737708
2020-01-24,-0.007100455766498254
2020-01-27,-0.011560125226987156
2020-01-28,0.009876916849746908
2020-01-29,0.006921127992386044
2020-01-30,0.006920581351443957
2020-01-31,-0.015016260061163236
2020-02-03,0.0073632188532858755
2020-02-04,0.006175954372178249
2020-02-05,0.005206418566340774
2020-02-06,0.008774453610144513
2020-02-07,-0.0016759830958755495
2020-02-10,0.008258732074744663
2020-02-11,-0.003984273912389705
2020-02-12,0.0039508023851003785
2020-02-13,-0.0015921466766438603
2020-02-14,0.0026499311866814874
2020-02-18,-0.0005498519453122139
2020-02-19,0.006979509834765742
2020-02-20,-0.003474705985119122
2020-02-21,-0.00884179547887747
2020-02-24,-0.02595583769353771
2020-02-25,-0.02259068107204445
2020-02-26,0.0025434208608535085
2020-02-27,-0.03919844515568599
2020-02-28,-0.003516666620855562
2020-03-02,0.04091424230763602
2020-03-03,-0.022422442943822913
2020-03-04,0.02659527358089433
2020-03-05,-0.023480324472237243
2020-03-06,-0.01119955439051874
2020-03-09,-0.0598937702887192
2020-03-10,0.03540257875340469
2020-03-11,-0.039174626915271626
2020-03-12,-0.0763985669961122
2020-03-13,0.07976366202251317
2020-03-16,-0.093407549106883
2020-03-17,0.03418370266699551
2020-03-18,-0.05222025145356174
2020-03-19,0.008336722176713699
2020-03-20,-0.01856834961425712
2020-03-23,-0.011228200688433974
2020-03-24,0.07179234767005531
2020-03-25,0.0009387601879579099
2020-03-26,0.04083488679620389
2020-03-27,-0.02976985352845949
2020-03-30,0.02515430956165989
2020-03-31,-0.012450959686455931
2020-04-01,-0.03365223836090239
2020-04-02,0.019227156082522043
2020-04-03,-0.01134693451673565
2020-04-06,0.053125124363259627
2020-04-07,-0.003091349886748496
2020-04-08,0.01783514889106813
2020-04-09,0.01877790157747468
2020-04-13,-0.006061263023464649
2020-04-14,0.02157404122369233
2020-04-15,-0.012490509391529781
2020-04-16,0.0013427320782459016
2020-04-17,0.01360501422223693
2020-04-20,-0.013468302050241156
2020-04-21,-0.024521943707005944
2020-04-22,0.018801402192351845
2020-04-23,0.0005765778399553197
2020-04-24,0.010268902284153916
2020-04-27,0.0036780402805477713
2020-04-28,-0.007996453646473936
2020-04-29,0.028422540029944657
2020-04-30,-0.004848952042803531
2020-05-01,-0.016072825233709773
2020-05-04,0.0007283600756629197
2020-05-05,0.004970789176124913
2020-05-06,-0.007318208778327721
2020-05-07,0.011771294782276162
2020-05-08,0.0091191397441274
2020-05-11,-0.0019654315770007034
2020-05-12,-0.013081525734351418
2020-05-13,-0.012065468057804323
2020-05-14,0.0112511076658935
2020-05-15,-6.501212323313651e-05
2020-05-18,0.016180843935371156
2020-05-19,-0.006811087135375443
2020-05-20,0.016254464743870527
2020-05-21,-0.007416576142757718
2020-05-22,0.0021751010363059054
2020-05-26,0.008970843739538326
2020-05-27,0.01320033360482648
2020-05-28,-0.003008059803193376
2020-05-29,0.0019380844836967817
2020-06-01,0.002061212965213446
2020-06-02,0.0042385445502411
2020-06-03,0.008185737107845033
2020-06-04,-0.002388493851786629
2020-06-05,0.019347848949841623
2020-06-08,0.008559795552507066
2020-06-09,0.00016214917389783005
2020-06-10,0.0036146716764453423
2020-06-11,-0.04453566357396785
2020-06-12,0.009084444577387626
2020-06-15,0.005980193416790595
2020-06-16,0.010440710300489915
2020-06-17,-0.0031773954213648167
2020-06-18,0.00013399024752720583
2020-06-19,-0.0036737280561041693
2020-06-22,0.009485617053061286
2020-06-23,0.007476621422241366
2020-06-24,-0.01647585597468209
2020-06-25,0.010775789427871668
2020-06-26,-0.024055970046452463
2020-06-29,0.010661930135942053
2020-06-30,0.009927677606106472
2020-07-01,0.001221468381148952
2020-07-02,0.005427028815143531
2020-07-06,0.016419942958119646
2020-07-07,-0.006084720860259927
2020-07-08,0.009320183692162549
2020-07-09,-0.0008260959649175773
2020-07-10,0.011305268411362583
2020-07-13,-0.004596586364454105
2020-07-14,0.010350522774075057
2020-07-15,0.003490195163236412
2020-07-16,-0.004571556882093141
2020-07-17,-0.0021049984437305543
2020-07-20,0.012311347502031706
2020-07-21,0.0016217627604760447
2020-07-22,0.004798940784637114
2020-07-23,-0.013121830253540053
2020-07-24,-0.0015990758459089676
2020-07-27,0.005830045884379227
2020-07-28,-0.0023955603887144405
2020-07-29,0.011980486318600722
2020-07-30,-0.0026666092874540557
2020-07-31,0.011450806514038908
2020-08-03,0.011392009909703243
2020-08-04,0.002336938626652767
2020-08-05,0.005814079673915133
2020-08-06,0.012511686882110736
2020-08-07,-0.0030153699176309508
2020-08-10,0.001951394768766227
2020-08-11,-0.013592473555488878
2020-08-12,0.009121801485321716
2020-08-13,0.0025912809843687927
2020-08-14,-0.002565851257316237
2020-08-17,-0.0009914953130935314
2020-08-18,0.0064326055261165185
2020-08-19,-0.007201052656421108
2020-08-20,0.008363254353538817
2020-08-21,0.006226925710492344
2020-08-24,0.009537977429105237
2020-08-25,0.002818663123114569
2020-08-26,0.008541129285552538
2020-08-27,0.0023378317065357096
2020-08-28,0.006252885819279236
2020-08-31,-0.0012463399963534945
2020-09-01,0.010759620832306423
2020-09-02,0.009364038251866595
2020-09-03,-0.03243095117035577
2020-09-04,-0.005751729926600601
2020-09-08,-0.027960073483722987
2020-09-09,0.01756995195206161
2020-09-10,-0.013724810237555875
2020-09-11,-0.001375276908485176
2020-09-14,0.009442613654064317
2020-09-15,-0.00010843130780737809
2020-09-16,-0.007506486549187341
2020-09-17,-0.00913933096941408
2020-09-18,-0.01049813066632534
2020-09-21,-0.006985993114571624
2020-09-22,0.0073491121939977255
2020-09-23,-0.02416214091472217
2020-09-24,0.004710651898138999
2020-09-25,0.012602974537121989
2020-09-28,0.01393281132650956
2020-09-29,-0.004002500461765838
2020-09-30,0.005336435284897847
2020-10-01,0.006680933810022552
2020-10-02,-0.011677427074089624
2020-10-05,0.012271591063720553
2020-10-06,-0.014164399618599482
2020-10-07,0.010294165569962276
2020-10-08,0.008238558520075705
2020-10-09,0.010409545061258305
2020-10-12,0.019274448082778735
2020-10-13,-0.008682390508965208
2020-10-14,-0.0029634690092322476
2020-10-15,0.0005631435055715398
2020-10-16,-0.0017458553122884487
2020-10-19,-0.015598924198138764
2020-10-20,0.004859261170684127
2020-10-21,0.001275208591821381
2020-10-22,0.0038002186704601494
2020-10-23,0.004864478131621639
2020-10-26,-0.01425503717139119
2020-10-27,0.0020737857460120575
2020-10-28,-0.0329820196979946
2020-10-29,0.010397045283991973
2020-10-30,-0.004544752190636571
2020-11-02,0.008246485455365313
2020-11-03,0.013502763829153202
2020-11-04,0.019498296746536064
2020-11-05,0.02072596151205458
2020-11-06,-0.0023045272119692397
2020-11-09,0.011053568306412558
2020-11-10,-0.0033886791131577444
2020-11-11,0.006003245466796729
2020-11-12,-0.0026158763208402346
2020-11-13,0.007441268513059409
2020-11-16,0.00943089551451776
2020-11-17,-0.0049905635378378645
2020-11-18,-0.009057674985211647
2020-11-19,0.003690237851409213
2020-11-20,-0.005997754637596914
2020-11-23,-0.0019555013384717056
2020-11-24,0.013084180479188506
2020-11-25,-0.0014225612604470783
2020-11-27,0.0016032181582457032
2020-11-30,-0.006842016678988514
2020-12-01,0.012408164262615772
2020-12-02,0.004908044200706599
2020-12-03,0.0004386907878419184
2020-12-04,-0.0003235120695279062
2020-12-07,0.002121187502004185
2020-12-08,0.0021801995315817112
2020-12-09,-0.01247767489094588
2020-12-10,-6.119757650950759e-05
2020-12-11,0.0005344573347772162
2020-12-14,-0.006585417076084972
2020-12-15,0.012664158796036388
2020-12-16,0.002156173302497043
2020-12-17,0.0019394447420692635
2020-12-18,-0.00590432191812927
2020-12-21,0.008698680459136198
2020-12-22,-0.00015322621940670614
2020-12-23,0.002906546765041192
2020-12-24,0.004558478603373635
2020-12-28,0.010987054094498716
2020-12-29,-0.002912743894826062
2020-12-30,-0.0021999261201243884
2020-12-31,0.004799982478543007
2021-01-04,-0.009876677863340136
2021-01-05,0.0030972945099515077
2021-01-06,-0.005432939636377835
2021-01-07,0.017273040286430588
2021-01-08,0.00018621754778970706
2021-01-11,-0.006847468544170864
2021-01-12,-0.0005353009267897092
2021-01-13,0.005637604429628744
2021-01-14,-0.005692443344311165
2021-01-15,-0.007241591486808382
2021-01-19,0.009391096997577725
2021-01-20,0.017128662694202244
2021-01-21,0.0029046322341741587
2021-01-22,0.0004344056511222949
2021-01-25,0.0060343963495874675
2021-01-26,0.0005968770918962949
2021-01-27,-0.01607827300715889
2021-01-28,0.00570855375099696
2021-01-29,-0.016625539403733076
2021-02-01,0.01562937291052547
2021-02-02,0.007212550669042076
2021-02-03,0.0100742495643092
2021-02-04,0.005200139829516096
2021-02-05,0.0019343795377949288
2021-02-08,0.005855024093143771
2021-02-09,0.0005154050832338578
2021-02-10,0.0009151033123674511
2021-02-11,-0.0012552648910397622
2021-02-12,0.0026902581699652355
2021-02-16,-0.0011725492218536719
2021-02-17,-0.0014475371735327442
2021-02-18,-0.0035736831211314866
2021-02-19,-0.0024703367120147237
2021-02-22,-0.006555082361941456
2021-02-23,0.0003426296851147336
2021-02-24,0.00572219824342745
2021-02-25,-0.023170197539518402
2021-02-26,-0.0021578809194039623
2021-03-01,0.020257325985023306
2021-03-02,-0.005276658216745646
2021-03-03,-0.010627839888435991
2021-03-04,-0.009647576386190649
2021-03-05,0.014549518853810343
2021-03-08,-0.012143859991560896
2021-03-09,0.016394064898969087
2021-03-10,0.004588919999055772
2021-03-11,0.006569532357706855
2021-03-12,-0.006220531804366734
2021-03-15,0.0015615364927429286
2021-03-16,0.0013090685658488997
2021-03-17,0.0006429110290608853
2021-03-18,-0.012957179239824018
2021-03-19,-0.002088415151784189
2021-03-22,0.005229413990693491
2021-03-23,-0.0024360714263402606
2021-03-24,-0.0020900961331519466
2021-03-25,0.00025545711831424854
2021-03-26,0.009316992274696569
2021-03-29,-0.0027664829848347617
2021-03-30,-0.003989944809249675
2021-03-31,0.0039262937850382245
2021-04-01,0.015825847710558297
2021-04-05,0.01544937046146255
2021-04-06,0.00023126409486656514
2021-04-07,0.005487779576927655
2021-04-08,0.007738191945538218
2021-04-09,0.006519838576442569
2021-04-12,-0.0032127109211873024
2021-04-13,0.005099113865204471
2021-04-14,-0.007885104726061217
2021-04-15,0.01356339486177117
2021-04-16,0.002635437567071841
2021-04-19,-0.0026431222018513663
2021-04-20,-0.006243564872214306
2021-04-21,0.007166676045289819
2021-04-22,-0.009862971308650643
2021-04-23,0.010841670419002034
2021-04-26,0.0013092314291061197
2021-04-27,-0.0007203008812484128
2021-04-28,0.0002168701232326698
2021-04-29,0.0050948313920342984
2021-04-30,-0.007410139267006706
2021-05-03,0.0038076591636934127
2021-05-04,-0.007137716526476045
2021-05-05,0.0035072858368301275
2021-05-06,0.013239541653754667
2021-05-07,0.005160977930924069
2021-05-10,-0.0107034877268266
2021-05-11,-0.00940164284227453
2021-05-12,-0.018097664940981584
2021-05-13,0.013058946269940188
2021-05-14,0.015565644069001535
2021-05-17,-0.0013550074163857684
2021-05-18,-0.007580650647015568
2021-05-19,-0.001453980611041122
2021-05-20,0.009187279111099164
2021-05-21,-0.0010138837025632063
2021-05-24,0.011560834830619789
2021-05-25,-2.3147103495794793e-05
2021-05-26,0.0006114171435146223
2021-05-27,-0.0011777548380399489
2021-05-28,-0.000321679887518933
2021-06-01,0.0008732830247664519
2021-06-02,0.0013547719001518184
2021-06-03,-0.006040079055722368
2021-06-04,0.011955677160337977
2021-06-07,5.3404131762092725e-05
2021-06-08,-8.2846868499812e-05
2021-06-09,0.00021986870672383745
2021-06-10,0.0004820806318530336
2021-06-11,0.0006247283511577276
2021-06-14,-3.8336747840287235e-05
2021-06-15,-0.005180310762638502
2021-06-16,-0.0030788800401148303
2021-06-17,-0.003450085167133671
2021-06-18,-0.009032720596793848
2021-06-21,0.00972065394967131
2021-06-22,0.0036531692611314363
2021-06-23,-0.0014079656293842634
2021-06-24,0.0031613124998748285
2021-06-25,0.0010542255841166756
2021-06-28,0.004272238905274654
2021-06-29,0.0010218450227273551
2021-06-30,0.00332610096025502
2021-07-01,0.004334145005064483
2021-07-02,0.009950365775318555
2021-07-06,0.0016799771713786168
2021-07-07,0.006550714098538947
2021-07-08,-0.00881579605327005
2021-07-09,0.009118111299954816
2021-07-12,0.002373638015398782
2021-07-13,-0.0005188682545859637
2021-07-14,0.006637432828024346
2021-07-15,-0.000555220124576138
2021-07-16,-0.008073649482027672
2021-07-19,-0.012976796502114129
2021-07-20,0.010508470287573358
2021-07-21,0.0044981498066877556
2021-07-22,0.0032539506308607814
2021-07-23,0.007578157063023337
2021-07-26,0.0016613133732915773
2021-07-27,-0.0032904098175062972
2021-07-28,0.0018327223260390915
2021-07-29,0.0034121052052834195
2021-07-30,-0.0041491976884550355
2021-08-02,-9.047309326512917e-05
2021-08-03,0.007331770583576269
2021-08-04,-0.004113256747759038
2021-08-05,0.004300739596132501
2021-08-06,-0.000261477638173218
2021-08-09,-0.0016791737866098653
2021-08-10,0.0005427596489906354
2021-08-11,0.004397360362942157
2021-08-12,0.00488637909629169
2021-08-13,0.0035075688767525325
2021-08-16,0.004024969663236054
2021-08-17,-0.005646732524369219
2021-08-18,-0.008303406493467572
2021-08-19,0.0022299752699366134
2021-08-20,0.007580044714331842
2021-08-23,0.00801552939727963
2021-08-24,0.0002828048049617022
2021-08-25,0.0008696953374873862
2021-08-26,-0.002966230989666303
2021-08-27,0.008810153022914309
2021-08-30,0.003685253841110511
2021-08-31,-0.0027938019647519574
2021-09-01,0.0008644263109487917
2021-09-02,6.011744275273394e-05
2021-09-03,-0.0010763409185164706
2021-09-07,-0.003539886275643717
2021-09-08,-0.00174566444329579
2021-09-09,-0.0004751258710185781
2021-09-10,-0.011829329464538511
2021-09-13,0.0068153361729168275
2021-09-14,-0.0016312652702317294
2021-09-15,0.005658632825159309
2021-09-16,-0.004740830620680672
2021-09-17,-0.009682019281844218
2021-09-20,-0.011535295407359807
2021-09-21,0.001077705280546785
2021-09-22,0.009070447201789584
2021-09-23,0.005264761847672229
2021-09-24,0.001009323626757544
2021-09-27,-0.0012606005011808262
2021-09-28,-0.020073298996679863
2021-09-29,-0.0003567255134108969
2021-09-30,-0.005738144245431883
2021-10-01,0.013475610784998537
2021-10-04,-0.010833832510320655
2021-10-05,0.009939344035379234
2021-10-06,0.006857632895630501
2021-10-07,0.004471629235718999
2021-10-08,-0.0002712513547868529
2021-10-11,-0.006662843469187732
2021-10-12,-0.003577460593432861
2021-10-13,0.0021579629285853937
2021-10-14,0.014820212848051925
2021-10-15,0.0034579684671907037
2021-10-18,0.0038512696449865746
2021-10-19,0.004773043333957381
2021-10-20,0.0023668949483322188
2021-10-21,0.0004303579811931334
2021-10-22,-0.0004498947360919007
2021-10-25,0.0005984038757627832
2021-10-26,0.0038558954406763338
2021-10-27,0.00888184485204689
2021-10-28,0.006682671116738812
2021-10-29,0.0003961911534384522
2021-11-01,-0.0058946280137081265
2021-11-02,0.0059971927764369826
2021-11-03,0.0013476693061497882
2021-11-04,0.0030920457468827977
2021-11-05,0.004612579323780188
2021-11-08,0.0012676433344779264
2021-11-09,-0.0003712007814555403
2021-11-10,-0.009450859365264568
2021-11-11,0.0007149686176926118
2021-11-12,0.006507064516885491
2021-11-15,-0.002956929010394887
2021-11-16,-0.0005949081440347778
2021-11-17,0.0026354795565558687
2021-11-18,0.00479108162709985
2021-11-19,0.00021365963084070362
2021-11-22,-0.002879192599392731
2021-11-23,0.0008414258226108242
2021-11-24,0.0014490436401956817
2021-11-26,-0.0160827178766678
2021-11-29,0.007593404636501507
2021-11-30,-0.0072543855078071985
2021-12-01,-0.0029796493741208897
2021-12-02,0.00650137778294171
2021-12-03,-0.006396420939480764
2021-12-06,0.007565487030981416
2021-12-07,0.016637274588778152
2021-12-08,-0.0001589010831009913
2021-12-09,-0.0022931771809120262
2021-12-10,0.009769095650380689
2021-12-13,-0.005302149952870581
2021-12-14,-0.00603945684790781
2021-12-15,0.008210797432208369
2021-12-16,-0.0056841696007147065
2021-12-17,-0.009430498793091633
2021-12-20,-0.00944571039961935
2021-12-21,0.011812179070989193
2021-12-22,0.01065054188387331
2021-12-23,0.0018871656953226615
2021-12-27,0.010533986855719196
2021-12-28,-0.0022757042815824847
2021-12-29,-0.0005324642595822134
2021-12-30,-0.0004325573404301359
2021-12-31,-0.0024421317847383365
2022-01-03,0.001444039908684368
2022-01-04,0.0039117376479487365
2022-01-05,-0.01935819890409121
2022-01-06,-0.0018102579989524976
2022-01-07,0.002516612526698126
2022-01-10,0.0019223768628794222
2022-01-11,0.007250123683923036
2022-01-12,0.004251467973598374
2022-01-13,-0.011217241213107026
2022-01-14,-0.005394203825118689
2022-01-18,-0.01968052472707199
2022-01-19,-0.00579101768253195
2022-01-20,-0.007200013774157198
2022-01-21,-0.01269865564199834
2022-01-24,-0.0005732181629622017
2022-01-25,-0.00712034655538667
2022-01-26,0.003831604166534149
2022-01-27,-0.0021139165285601813
2022-01-28,0.021991814565369604
2022-01-31,0.010193845171170189
2022-02-01,0.004158483752912933
2022-02-02,0.015137904773601961
2022-02-03,-0.018180971899912135
2022-02-04,0.003928887784847992
2022-02-07,-0.004587643324921132
2022-02-08,0.00878474697562644
2022-02-09,0.009043908620216878
2022-02-10,-0.015483761956288505
2022-02-11,-0.009804348599106281
2022-02-14,-0.0030790751479713102
2022-02-15,0.008107478168891251
2022-02-16,0.002875508377992892
2022-02-17,-0.01503457277710581
2022-02-18,-0.002928333206446401
2022-02-22,-0.004143194965788062
2022-02-23,-0.016441724292861497
2022-02-24,0.010118164995644089
2022-02-25,0.014106245899657144
2022-02-28,0.0005969358979366155
2022-03-01,-0.008848182022002422
2022-03-02,0.007067055803104863
2022-03-03,-0.0005977276216262374
2022-03-04,-0.008173464591153898
2022-03-07,-0.02195223888047005
2022-03-08,-0.0034933013970858307
2022-03-09,0.021853615343287152
2022-03-10,-0.009156476388122059
2022-03-11,-0.012316358587325918
2022-03-14,-0.012072947810886853
2022-03-15,0.01489755476210673
2022-03-16,0.022113845315011357
2022-03-17,0.0077302941515758165
2022-03-18,0.0076919694102857055
2022-03-21,0.000714226856625646
2022-03-22,0.0096762337993085
2022-03-23,-0.0026620867776365876
2022-03-24,0.01176274894140999
2022-03-25,0.0020665262037475613
2022-03-28,0.002300039687124886
2022-03-29,0.0064256398261940675
2022-03-30,-0.0004447124752611104
2022-03-31,-0.014078210279437654
2022-04-01,-6.055147844123232e-05
2022-04-04,0.006679818908169054
2022-04-05,-0.013045409465396035
2022-04-06,-0.014395416945656015
2022-04-07,0.0008237121560163323
2022-04-08,-0.0020441080516859288
2022-04-11,-0.016890898414866996
2022-04-12,-0.0029315131676779724
2022-04-13,0.0034960485025230005
2022-04-14,-0.01667984482522345
2022-04-18,0.004023999570740859
2022-04-19,0.008512655353811429
2022-04-20,0.001989877301569548
2022-04-21,-0.012357140587877041
2022-04-22,-0.023970280014889253
2022-04-25,0.0075734409020832335
2022-04-26,-0.022440166348206808
2022-04-27,-0.0032374275495791697
2022-04-28,0.019436498952723855
2022-04-29,-0.028422814585075167
2022-05-02,0.0015697990664328685
2022-05-03,0.005517520947289996
2022-05-04,0.0265013928425727
2022-05-05,-0.033546018888827814
2022-05-06,-0.003934612392694759
2022-05-09,-0.02150044948516856
2022-05-10,0.0034776530746955317
2022-05-11,-0.011531338724512607
2022-05-12,-0.010570678085672598
2022-05-13,0.012333587168001491
2022-05-16,-0.003657802062415936
2022-05-17,0.014293532081815007
2022-05-18,-0.025891625032234723
2022-05-19,-0.00681754058210364
2022-05-20,-0.0012688795583664363
2022-05-23,0.022615317218460933
2022-05-24,-0.005506533014962865
2022-05-25,0.0028259032880401224
2022-05-26,0.0121634795372509
2022-05-27,0.021309100942098112
2022-05-31,-0.0046409749780938455
2022-06-01,-0.003791360900917608
2022-06-02,0.014138892519631312
2022-06-03,-0.01729598940890749
2022-06-06,9.881603743588192e-05
2022-06-07,0.008537462304089225
2022-06-08,-0.00811915728543712
2022-06-09,-0.018647167657317294
2022-06-10,-0.027195276015145074
2022-06-13,-0.03615334346031165
2022-06-14,-0.004462753658194927
2022-06-15,0.017424124381092632
2022-06-16,-0.021517583751365674
2022-06-17,0.0030692702629293595
2022-06-21,0.017367617791763084
2022-06-22,0.0012004994202401852
2022-06-23,0.0053514842830381
2022-06-24,0.024102468367903203
2022-06-27,-0.006249386613849665
2022-06-28,-0.01687554835056094
2022-06-29,0.00411106877381315
2022-06-30,-0.010889695717877342
2022-07-01,0.009187591727341274
2022-07-05,0.006246140883176837
2022-07-06,-0.00030316266188933874
2022-07-07,0.014080838709743231
2022-07-08,-0.0003004187024684107
2022-07-11,-0.00990804156549022
2022-07-12,-0.007449140034366125
2022-07-13,-0.0034738531732578046
2022-07-14,-0.006834395825457478
2022-07-15,0.014560065365708953
2022-07-18,-0.011445332707472588
2022-07-19,0.02049885557732633
2022-07-20,0.0041010367269480996
2022-07-21,0.009934362748788774
2022-07-22,-0.01017673342230173
2022-07-25,-0.002140341830722387
2022-07-26,-0.012106744195634784
2022-07-27,0.029441738808580475
2022-07-28,0.010375710487553584
2022-07-29,0.0134885169731984
2022-08-01,-0.0035005532541879402
2022-08-02,-0.01009299832603473
2022-08-03,0.017978885250666925
2022-08-04,6.589904062231119e-05
2022-08-05,-0.002533273514406973
2022-08-08,-0.00019983072378558378
2022-08-09,0.0009040102141392771
2022-08-10,0.015160269489772237
2022-08-11,-0.003254507392415777
2022-08-12,0.016395041828812674
2022-08-15,0.0015153271066784366
2022-08-16,0.002474519510833403
2022-08-17,-0.00651179009652178
2022-08-18,-0.0008825602348644437
2022-08-19,-0.017439407272947197
2022-08-22,-0.0194761305070522
2022-08-23,-0.002206339753922177
2022-08-24,0.001554010976872797
2022-08-25,0.015190020732353825
2022-08-26,-0.029200824717873178
2022-08-29,-0.007293259984016783
2022-08-30,-0.006527781276072193
2022-08-31,-0.008790490767872354
2022-09-01,0.0003739864980568618
2022-09-02,-0.008510660032649435
2022-09-06,-0.008415563761291602
2022-09-07,0.0163683803128222
2022-09-08,0.00044238196511268285
2022-09-09,0.012293530113933287
2022-09-12,0.00959096295004871
2022-09-13,-0.038060678548155494
2022-09-14,0.0023060354908958003
2022-09-15,-0.011108911638962623
2022-09-16,-0.004846965371501133
2022-09-19,0.007682342523585661
2022-09-20,-0.008201222813436108
2022-09-21,-0.012814666382714585
2022-09-22,-0.0054899374179822255
2022-09-23,-0.011736826952036827
2022-09-26,-0.010147935973388453
2022-09-27,-0.004548091409903963
2022-09-28,0.018638032423812248
2022-09-29,-0.017954609116736766
2022-09-30,-0.015276307449205492
2022-10-03,0.026484703518137975
2022-10-04,0.025497595868887724
2022-10-05,-0.004085631107374593
2022-10-06,-0.00813807144435345
2022-10-07,-0.0266122039050324
2022-10-10,-0.010429371317777374
2022-10-11,-0.00825406504360672
2022-10-12,0.001414235460780696
2022-10-13,0.02406025464777793
2022-10-14,-0.015198939630550863
2022-10-17,0.022779998071028377
2022-10-18,0.009953118393540995
2022-10-19,-0.011223207266805403
2022-10-20,-0.006150748801042568
2022-10-21,0.02127422152337051
2022-10-24,0.008573960229392694
2022-10-25,0.013414726263442298
2022-10-26,-0.02174432783760093
2022-10-27,-0.008462547147181995
2022-10-28,0.025836882466908864
2022-10-31,-0.011203227058112834
2022-11-01,-0.006113757129287292
2022-11-02,-0.02193765430814561
2022-11-03,-0.018645016801778633
2022-11-04,0.016892370205437067
2022-11-07,0.008096413774616527
2022-11-08,0.007646733883438171
2022-11-09,-0.015025544631596756
2022-11-10,0.0560155092193452
2022-11-11,0.01216782894375611
2022-11-14,-0.007679719059111038
2022-11-15,0.008251089532867654
2022-11-16,0.0008371572931163932
2022-11-17,-0.0027382639563814284
2022-11-18,0.00044782726728169117
2022-11-21,-0.00587401478653469
2022-11-22,0.012483574654153631
2022-11-23,0.009051032164731212
2022-11-25,-0.003408995428492258
2022-11-28,-0.014580616031066185
2022-11-29,-0.0028313940197490827
2022-11-30,0.03002284846084345
2022-12-01,0.003276605220911745
2022-12-02,-0.0008299947539688751
2022-12-05,-0.016564529138665678
2022-12-06,-0.009750130184794018
2022-12-07,-0.0018365513812857452
2022-12-08,0.003529816691413888
2022-12-09,-0.006919655304418276
2022-12-12,0.011359771956303732
2022-12-13,0.010571675291022747
2022-12-14,-0.004967742366126945
2022-12-15,-0.0265451134694822
2022-12-16,-0.008230403554055927
2022-12-19,-0.009516892579583366
2022-12-20,0.002861545515872244
2022-12-21,0.010823498298132356
2022-12-22,-0.01567345021178946
2022-12-23,0.0034054906720785505
2022-12-27,-0.00716935570690857
2022-12-28,-0.010214765537901032
2022-12-29,0.017732345127345648
2022-12-30,-0.0010080473565086587
2023-01-03,0.0005970136850494117
2023-01-04,0.0010753154003247478
2023-01-05,-0.010954948203520106
2023-01-06,0.0197143585051983
2023-01-09,0.0018006102299577905
2023-01-10,0.0027560142223597497
2023-01-11,0.016646925529969204
2023-01-12,0.004475380090287461
2023-01-13,0.0063927320123342265
2023-01-17,-0.004363949848147275
2023-01-18,-0.009090379075479828
2023-01-19,-0.0020566475577156297
2023-01-20,0.015312271669016381
2023-01-23,0.009732482537424479
2023-01-24,0.0018529783724465757
2023-01-25,-0.0027756253203916935
2023-01-26,0.008637081505214982
2023-01-27,0.0035111056432623935
2023-01-30,-0.012573838644181863
2023-01-31,0.0118579550006273
2023-02-01,0.009113083419829363
2023-02-02,0.018340394322256967
2023-02-03,-0.009266013636147763
2023-02-06,-0.006026702541680471
2023-02-07,0.01723051760888061
2023-02-08,-0.01576800302209893
2023-02-09,-0.013689064776314774
2023-02-10,0.00023899684603127704
2023-02-13,0.0109896713944993
2023-02-14,-0.00092695826473707
2023-02-15,0.0017090617364231662
2023-02-16,-0.012480162240568457
2023-02-17,-0.0030175356467554
2023-02-21,-0.01948574299753487
2023-02-22,-0.0009218725430979014
2023-02-23,0.003752240384954241
2023-02-24,-0.009835632581101105
2023-02-27,0.005140161911452776
2023-02-28,0.0013891787803102832
2023-03-01,-0.005006904093885832
2023-03-02,0.0049514124521680206
2023-03-03,0.019079617436517683
2023-03-06,0.004571264199448078
2023-03-07,-0.014266768450166254
2023-03-08,0.0009656856598747939
2023-03-09,-0.01555713160189483
2023-03-10,0.0018156536805493716
2023-03-13,0.00532688237019757
2023-03-14,0.01237650466953347
2023-03-15,-0.001207880688604575
2023-03-16,0.018210468691663036
2023-03-17,-0.002023668893115685
2023-03-20,0.0027930558170789098
2023-03-21,0.009313125840792292
2023-03-22,-0.007045192067833842
2023-03-23,0.00696920152470268
2023-03-24,0.0003918386892913442
2023-03-27,-0.0060395970464501665
2023-03-28,-0.0013572800983995164
2023-03-29,0.007678339723151656
2023-03-30,0.004140086879562396
2023-03-31,0.013230135713254036
2023-04-03,0.0036883548524952086
2023-04-04,5.222812225031369e-05
2023-04-05,-0.0013689217346038438
2023-04-06,0.009104036893951135
2023-04-10,-0.007644557161816504
2023-04-11,-0.0029816199192619955
2023-04-12,-0.0008104022866000023
2023-04-13,0.014450384640102766
2023-04-14,0.005867763637642713
2023-04-17,-0.0012485292910434857
2023-04-18,0.0017320468762073431
2023-04-19,-0.0009741902777056465
2023-04-20,0.000363785338399706
2023-04-21,-0.0031319176713451675
2023-04-24,0.0016824538172021922
2023-04-25,-0.009506919448119027
2023-04-26,0.0023012670409795813
2023-04-27,0.017130587683813703
2023-04-28,0.0067037507696283685
2023-05-01,-0.00200621621474791
2023-05-02,-0.002673580657677771
2023-05-03,-0.0039186963214858
2023-05-04,-0.0059146440508479215
2023-05-05,0.012734985589579282
2023-05-08,0.0013132569037282251
2023-05-09,-0.0036165509896944658
2023-05-10,0.00941046152408559
2023-05-11,0.004020529697911935
2023-05-12,-0.0034266109128856482
2023-05-15,-0.0003850655532940209
2023-05-16,0.000549915737934349
2023-05-17,0.008901738666541467
2023-05-18,0.006007585607721259
2023-05-19,5.0306649946662424e-05
2023-05-22,0.0005306301797582565
2023-05-23,-0.011268359734867592
2023-05-24,-0.006882896486898968
2023-05-25,0.007591676535728553
2023-05-26,0.01042929958998444
2023-05-30,0.0029003270907341037
2023-05-31,-0.003366338870440184
2023-06-01,0.009590662708176406
2023-06-02,0.0062023260642547744
2023-06-05,-0.0007110708226725405
2023-06-06,0.0033735978141330343
2023-06-07,-0.011562998761872197
2023-06-08,0.0063559701482228045
2023-06-09,0.0006674914454354211
2023-06-12,0.0060399069967135375
2023-06-13,0.0013787137206277488
2023-06-14,0.0019741344062204932
2023-06-15,0.013210878015684673
2023-06-16,-0.005906346543736882
2023-06-20,-0.0035421648202195555
2023-06-21,-0.005726768131527564
2023-06-22,0.0016458404920280001
2023-06-23,-0.0034325932912013515
2023-06-26,-0.007799415776207241
2023-06-27,0.005033708924629716
2023-06-28,0.0025179338229632158
2023-06-29,0.0021979123382736875
2023-06-30,0.0125249578607975
2023-07-03,-0.0007669172160769979
2023-07-05,-0.0015809480103026274
2023-07-06,-0.004648801691679897
2023-07-07,-0.0022475648251175486
2023-07-10,-0.0052276925268095464
2023-07-11,0.005287447332408338
2023-07-12,0.010182592170533016
2023-07-13,0.010609381819898206
2023-07-14,0.0005597954817339165
2023-07-17,0.0062666453696236905
2023-07-18,0.007353738506183333
2023-07-19,-0.0012982355516681552
2023-07-20,-0.0070724425856801745
2023-07-21,-0.002655800736152827
2023-07-24,0.005968769763453566
2023-07-25,0.0024968689052819945
2023-07-26,0.005085573249454722
2023-07-27,-0.010164548799767751
2023-07-28,0.0113122051703557
2023-07-31,0.0020925711323517347
2023-08-01,-0.005724467230615147
2023-08-02,-0.013826475745136704
2023-08-03,-0.002798763343601273
2023-08-04,-0.005596135942543521
2023-08-07,0.006577449842973139
2023-08-08,-0.0012127673668301873
2023-08-09,-0.00871891743649128
2023-08-10,-0.002568701876022931
2023-08-11,1.1685548011785847e-05
2023-08-14,0.004375074798088555
2023-08-15,-0.01091580982042464
2023-08-16,-0.005265672300801761
2023-08-17,-0.005347119375313092
2023-08-18,-0.0016112428670756501
2023-08-21,0.0037028553453372507
2023-08-22,-0.0004390671869548303
2023-08-23,0.015467160882514704
2023-08-24,-0.011205824705116225
2023-08-25,0.004382004667095461
2023-08-28,0.004041116617406423
2023-08-29,0.01412663593156211
2023-08-30,0.0048830523239718785
2023-08-31,-0.0016646187095624625
2023-09-01,0.0004597285846590117
2023-09-05,-0.003300428237292129
2023-09-06,-0.00691503791783218
2023-09-07,-0.00502305658672079
2023-09-08,0.004376843360156167
2023-09-11,0.00419025389931851
2023-09-12,-0.004133870423459765
2023-09-13,0.0012776937741423322
2023-09-14,0.0065379557295672
2023-09-15,-0.006706636723947671
2023-09-18,0.0050394954914278174
2023-09-19,-0.0009859353987072335
2023-09-20,-0.011958484520869587
2023-09-21,-0.01316091332313675
2023-09-22,-0.0017171027098872485
2023-09-25,-0.00013202971094090194
2023-09-26,-0.012935206805379091
2023-09-27,-0.0009512702390572121
2023-09-28,0.003981319819235286
2023-09-29,-0.006324841890110486
2023-10-02,0.0019797527855433205
2023-10-03,-0.013429560482195886
2023-10-04,0.009176315664863263
2023-10-05,0.0010180845444076108
2023-10-06,0.010152997440109661
2023-10-09,0.008155401232358313
2023-10-10,0.0008553738576703334
2023-10-11,0.00912940824998107
2023-10-12,-0.007129659025789003
2023-10-13,0.0031538403063416723
2023-10-16,0.0022974422880898235
2023-10-17,-0.002499072613417406
2023-10-18,-0.007253536471141834
2023-10-19,-0.0035201438239297576
2023-10-20,-0.009149095796620292
2023-10-23,0.0014239102647916396
2023-10-24,0.006248325092661841
2023-10-25,-0.015831360577766712
2023-10-26,-0.010612913312606598
2023-10-27,-0.00429647062963705
2023-10-30,0.01058846725712239
2023-10-31,0.0026795320188333143
2023-11-01,0.011982506640510742
2023-11-02,0.014112829792307165
2023-11-03,0.007334620765907979
2023-11-06,0.001412883493250308
2023-11-07,0.005316676564801073
2023-11-08,0.004095630083459527
2023-11-09,-0.00580731592025836
2023-11-10,0.012132793061533446
2023-11-13,-0.003026602812682365
2023-11-14,0.014509581844013656
2023-11-15,0.001513011709682475
2023-11-16,0.01102049923062702
2023-11-17,-0.0020903929732344504
2023-11-20,0.007291338156678599
2023-11-21,-0.0006877083736292768
2023-11-22,0.004368713671462835
2023-11-24,-0.0029333919517314346
2023-11-27,0.001952207503548706
2023-11-28,0.004329618601585608
2023-11-29,-0.0021529818633015205
2023-11-30,-0.0015068452443035753
2023-12-01,0.0035482471420217035
2023-12-04,-0.008591675422718157
2023-12-05,0.0069680163731352515
2023-12-06,-0.0035445315075396536
2023-12-07,0.009394115505404086
2023-12-08,-0.00042330547279631524
2023-12-11,-0.0035030221015782594
2023-12-12,0.004309141560316817
2023-12-13,0.010628605575627424
2023-12-14,0.0018863494727608785
2023-12-15,0.0010680963877946557
2023-12-18,0.0046810589342334685
2023-12-19,0.006334317240121536
2023-12-20,-0.00594656145554695
2023-12-21,0.005005609186824248
2023-12-22,0.0008762952374406734
2023-12-26,0.002391413840241624
2023-12-27,0.002624706901148657
2023-12-28,-0.00015683828162830332
2023-12-29,-0.003065658011308408
2024-01-02,-0.005909158702861494
2024-01-03,-0.0009802805197384704
2024-01-04,-0.007211309389923524
2024-01-05,-0.0009037568104164977
2024-01-08,0.010873778710556958
2024-01-09,-0.00040833211283332403
2024-01-10,0.004626844348182222
2024-01-11,-0.001175253643366658
2024-01-12,0.002198736425541408
2024-01-16,-0.006639868244052618
2024-01-17,-0.0053817904375396365
2024-01-18,0.009455409228969702
2024-01-19,0.011982486520805712
2024-01-22,0.001248417686559533
2024-01-23,0.002884259421582336
2024-01-24,0.0030736137497361605
2024-01-25,0.008309432217066128
2024-01-26,-0.0006380639005199482
2024-01-29,0.0053099848586905165
2024-01-30,0.0005733309939231338
2024-01-31,-0.01899906862079244
2024-02-01,0.010303979038798431
2024-02-02,0.002114054176745282
2024-02-05,-0.003202417325303193
2024-02-06,0.00499823905706601
2024-02-07,0.005799215657767141
2024-02-08,-0.0016756188689347482
2024-02-09,0.005464649173620068
2024-02-12,-0.0038356583995713444
2024-02-13,-0.013819691777573147
2024-02-14,0.0054634315381337124
2024-02-15,0.0026863859626610784
2024-02-16,-0.004508228786261016
2024-02-20,0.0006416656981071343
2024-02-21,0.0022752131789424176
2024-02-22,0.012155306067754163
2024-02-23,0.0019263449993478382
2024-02-26,-0.011450065350668847
2024-02-27,0.001381966530627216
2024-02-28,-0.0005606875656148753
2024-02-29,0.005501173203763551
2024-03-01,0.0016740838641027226
2024-03-04,-0.005736826329053733
2024-03-05,-0.0063135624801595805
2024-03-06,0.0019210417487369057
2024-03-07,0.005126662513269549
2024-03-08,0.0018785290111921998
2024-03-11,0.0036161281447255815
2024-03-12,0.004385250579381684
2024-03-13,0.0016278116607381923
2024-03-14,0.001912988810904072
2024-03-15,-0.003909550309927663
2024-03-18,0.00888046773494021
2024-03-19,0.005005761746615086
2024-03-20,0.009930624723424483
2024-03-21,-0.0033894926062585026
2024-03-22,0.000878353055030894
2024-03-25,-0.0055845296934342896
2024-03-26,0.0009079041920612734
2024-03-27,0.009920627942745026
2024-03-28,0.0015441582480719012
2024-04-01,0.0015508376981424347
2024-04-02,-0.0026393529202063935
2024-04-03,0.0018376031685819862
2024-04-04,-0.008760206773080266
2024-04-05,0.00825366160575978
2024-04-08,0.0014913022523371877
2024-04-09,0.003564712516082995
2024-04-10,-0.010620578673672346
2024-04-11,0.01154907285331423
2024-04-12,-0.014460825051626401
2024-04-15,-0.009606268840399146
2024-04-16,-0.005899368010419837
2024-04-17,-0.0015157323391228042
2024-04-18,-0.0015815111301056397
2024-04-19,-0.00023089484765103437
2024-04-22,0.004324470403807205
2024-04-23,0.007399634793682962
2024-04-24,0.0012933381578305835
2024-04-25,-0.0056867924818295
2024-04-26,0.015437147196805358
2024-04-29,-0.001743334822944172
2024-04-30,-0.016858425606991495
2024-05-01,0.004155578017669311
2024-05-02,0.00754053629792153
2024-05-03,0.012497776325629591
2024-05-06,0.0069032753863221335
2024-05-07,0.0020530160224117057
2024-05-08,0.0006977886430962938
2024-05-09,0.007424858061039996
2024-05-10,0.001150480387820242
2024-05-13,0.0008913119458108954
2024-05-14,0.0062755055816117525
2024-05-15,0.011231547744492157
2024-05-16,0.0001283616897558655
2024-05-17,0.0050843967432089125
2024-05-20,-0.0037689428361362435
2024-05-21,0.006264813432426405
2024-05-22,-0.004956449796341371
2024-05-23,-0.013302249767896015
2024-05-24,0.008174360205246072
2024-05-28,-0.0011915983966204618
2024-05-29,-0.004876008164736327
2024-05-30,-0.0035986962961030147
2024-05-31,0.006102584931318639
2024-06-03,0.003985075330113891
2024-06-04,-0.0013684111348395882
2024-06-05,0.007258739162805125
2024-06-06,0.0010802814800813122
2024-06-07,-0.004567107550574071
2024-06-10,-0.0011046846946343209
2024-06-11,0.009215341911648585
2024-06-12,0.007284888320121748
2024-06-13,0.0005293690687714373
2024-06-14,0.003105949688533257
2024-06-17,0.004792413907351855
2024-06-18,-3.319267168703892e-05
2024-06-20,-0.00023910908007501828
2024-06-21,-0.0013104147105398255
2024-06-24,0.0030644201969962366
2024-06-25,0.0034284496931361883
2024-06-26,-0.0007146782715850728
2024-06-27,0.004216217986494396
2024-06-28,-0.0071623941611396
2024-07-01,0.006733335334274214
2024-07-02,0.008666765430257977
2024-07-03,0.004615833195382358
2024-07-05,0.011086239312044175
2024-07-08,-0.002123871032818822
2024-07-09,0.0003372110053961227
2024-07-10,0.008760901830806009
2024-07-11,-0.006184293699388245
2024-07-12,0.0023644554714193017
2024-07-15,0.008455059138795386
2024-07-16,0.005579280137875939
2024-07-17,-0.005405255309460618
2024-07-18,-0.013632571033457042
2024-07-19,-0.006926628748692741
2024-07-22,0.005940121470974497
2024-07-23,0.0007357709505133819
2024-07-24,-0.020723844170590575
2024-07-25,-0.00904994628081284
2024-07-26,0.009144771953109875
2024-07-29,0.0024006097081297148
2024-07-30,0.004231134100809701
2024-07-31,0.004766927410952414
2024-08-01,-0.008990368054412945
2024-08-02,-0.009964215855799149
2024-08-05,-0.027674556110804348
2024-08-06,0.0026975063099356177
2024-08-07,0.0013628708448639839
2024-08-08,0.013408056166322
2024-08-09,0.007175741064814851
2024-08-12,0.002582370806292293
2024-08-13,0.010108886910366491
2024-08-14,0.0014578122265844293
2024-08-15,0.00682565224814176
2024-08-16,0.007197667775019689
2024-08-19,0.007250485048646018
2024-08-20,0.002282024603889329
2024-08-21,-0.0013605016737721826
2024-08-22,-0.007031661273860183
2024-08-23,0.008776720476340953
2024-08-26,0.00017924981992365006
2024-08-27,0.001999006902475735
2024-08-28,-0.003290196197208257
2024-08-29,0.0035277871280588622
2024-08-30,0.004411158944382511
2024-09-03,-0.013871330637964115
2024-09-04,-0.0006474381661924897
2024-09-05,-0.0018153242410635527
2024-09-06,-0.015628443874924243
2024-09-09,0.004657665312789551
2024-09-10,-0.002793404786986224
2024-09-11,0.006557696902766109
2024-09-12,0.005754649638078726
2024-09-13,0.0030437852241353477
2024-09-16,0.001792286654665492
2024-09-17,0.0032965034973121616
2024-09-18,-0.0025919933128968915
2024-09-19,0.014865139658957003
2024-09-20,-0.00018921778002813495
2024-09-23,-0.0023893960923868653
2024-09-24,0.0016164768264622894
2024-09-25,-0.0032437189230405186
2024-09-26,0.0030381135082806197
2024-09-27,0.0009263268723892927
2024-09-30,0.004803302714319724
2024-10-01,-0.007646589673063773
2024-10-02,-0.002627697567272976
2024-10-03,-0.0045567470465137025
2024-10-04,0.007537003159656798
2024-10-07,-0.012903256334545053
2024-10-08,0.005355248804471975
2024-10-09,0.0025834408600222867
2024-10-10,-0.0009902935324306707
2024-10-11,0.008689621685871686
2024-10-14,0.004586092793705422
2024-10-15,0.00384193889916027
2024-10-16,0.0010798421170211327
2024-10-17,-0.0020808272613029393
2024-10-18,0.004471166472859722
2024-10-21,-0.002461006391164847
2024-10-22,0.004354367798834476
2024-10-23,-0.009011796169111241
2024-10-24,0.0020179799840024672
2024-10-25,0.0003876698013837866
2024-10-28,0.004765442459878845
2024-10-29,0.003142913536466133
2024-10-30,0.0033270758098930104
2024-10-31,-0.019258883775673127
2024-11-01,-0.0011603643072379108
2024-11-04,-0.005297688697112455
2024-11-05,0.006286909090580548
2024-11-06,0.023022066454769355
2024-11-07,0.003791426538184245
2024-11-08,-0.00019790499807250403
2024-11-11,-0.002652082456006492
2024-11-12,-0.0011370594205324669
2024-11-13,-0.001846360934148678
2024-11-14,-0.00027268743248509654
2024-11-15,-0.007239417406809964
2024-11-18,0.00736993087459437
2024-11-19,0.003071788288517192
2024-11-20,-0.0026647203995475814
2024-11-21,-0.0023613436634304565
2024-11-22,0.00498831467112836
2024-11-25,0.005307620377509954
2024-11-26,0.005519973997875724
2024-11-27,0.0003895274555688298
2024-11-29,0.0042829440328978
2024-12-02,0.0014445805946046474
2024-12-03,-0.0018451196417081988
2024-12-04,0.0054299390972363795
2024-12-05,0.0010272904989923788
2024-12-06,0.0030586551442614972
2024-12-09,-0.0008502847996782028
2024-12-10,0.006352141826005271
2024-12-11,0.008668196469498264
2024-12-12,-0.007119216993703314
2024-12-13,-0.005807140711108546
2024-12-16,0.0073650059943887475
2024-12-17,5.354388807038435e-06
2024-12-18,-0.026616972215193685
2024-12-19,0.0012406928082256026
2024-12-20,0.011149537845645005
2024-12-23,0.001816967896563711
2024-12-24,0.00891657113317578
2024-12-26,0.0010433441354803857
2024-12-27,-0.010608438680220312
2024-12-30,-0.007317430475562914
